Workbook

Sheet Detalles del Proyecto
A1: DETALLES DEL PROYECTO
A2: Huddle — Documentos de Producción.
A4: Título | B4: Mientras arda la vela
A5: Estudio/Diseñadores | B5: Fortino Romero Mantilla (desarrollador independiente)
A6: Género | B6: Aventura conversacional y narrativa 2D
A7: Clasificación | B7: B (+12 años) / ESRB Everyone 10+
A8: Plataforma | B8: PC (Windows 10/11) — Unity 6 LTS
A9: Fecha de inicio | B9: 46266
A10: Fecha de término | B10: 46356
A13: ESTADO DE LOS SPRINTS (% del proyecto)
A14: Estado | B14: % de metas del Sprint Plan
A15: Planeado | B15: =SUMIF('Sprint Plan'!$E$4:$E$6,A15,'Sprint Plan'!$G$4:$G$6) -> 1
A16: En desarrollo | B16: =SUMIF('Sprint Plan'!$E$4:$E$6,A16,'Sprint Plan'!$G$4:$G$6) -> 0
A17: Sin planear | B17: =SUMIF('Sprint Plan'!$E$4:$E$6,A17,'Sprint Plan'!$G$4:$G$6) -> 0
A18: Terminado | B18: =SUMIF('Sprint Plan'!$E$4:$E$6,A18,'Sprint Plan'!$G$4:$G$6) -> 0
A19: Total | B19: =SUM(B15:B18) -> 1
A21: ESTADO DE LOS FEATURES
A22: Estado | B22: Número de features
A23: Planeado | B23: =COUNTIF('Feature Log'!$D$4:$D$60,A23) -> 26
A24: Sin planear | B24: =COUNTIF('Feature Log'!$D$4:$D$60,A24) -> 0
A25: En desarrollo | B25: =COUNTIF('Feature Log'!$D$4:$D$60,A25) -> 0
A26: Terminado | B26: =COUNTIF('Feature Log'!$D$4:$D$60,A26) -> 0
A27: Feature Creep | B27: =COUNTIF('Feature Log'!$D$4:$D$60,A27) -> 0
A28: Eliminado | B28: =COUNTIF('Feature Log'!$D$4:$D$60,A28) -> 0
A29: Total | B29: =SUM(B23:B28) -> 26
A31: FASES DEL PROCESO HUDDLE
A32: Fase | B32: Periodo
A33: Preproducción (Documento de Diseño, Feature Log, Sprint Plan) | B33: 01/09/2026 – 18/09/2026
A34: Producción (Sprints 1 a 3) | B34: 19/09/2026 – 20/11/2026
A35: Pruebas Beta y Gold Master | B35: 21/11/2026 – 27/11/2026
A36: Postmortem (End-game Huddle y reporte) | B36: 28/11/2026 – 30/11/2026

Sheet Sprint Plan
A1: SPRINT PLAN
A2: Tres sprints de 21 días alineados con las entregas oficiales. Fin y % se calculan con fórmula.
A3: SprintID | B3: Inicio | C3: Días | D3: Fin | E3: Estado | F3: Meta | G3: % | H3: Entrega asociada
A4: 1 | B4: 46284 | C4: 21 | D4: =B4+C4-1 -> 46304 | E4: Planeado | F4: Núcleo jugable: Ámbar recorre la ofrenda (tutorial), dialoga, reúne fragmentos, disipa el Olvido y el progreso se guarda. | G4: =C4/SUM($C$4:$C$6) -> 0.33333333 | H4: Base para Producto 2
A5: 2 | B5: 46305 | C5: 21 | D5: =B5+C5-1 -> 46325 | E5: Planeado | F5: Sistemas de memoria completos (Tizne, puzle de mosaico, mementos, vela) y Recuerdos 1 y 2 jugables con HUD, diario, pausa y opciones. | G5: =C5/SUM($C$4:$C$6) -> 0.33333333 | H5: Producto 2 (30/10/2026)
A6: 3 | B6: 46326 | C6: 21 | D6: =B6+C6-1 -> 46346 | E6: Planeado | F6: Recuerdos 3 y 4, epílogo, música y efectos, logros, códigos secretos, pulido y build para Windows. | G6: =C6/SUM($C$4:$C$6) -> 0.33333333 | H6: Producto 3 (20/11/2026)
A7: Total | C7: =SUM(C4:C6) -> 63 | G7: =SUM(G4:G6) -> 1
A9: Días de features planeados por sprint (desde el Feature Log)
A10: SprintID | B10: Días de features | C10: Días del sprint | D10: Holgura (días)
A11: 1 | B11: =SUMIF('Feature Log'!$F$4:$F$60,A11,'Feature Log'!$E$4:$E$60) -> 21 | C11: =C4 -> 21 | D11: =C11-B11 -> 0
A12: 2 | B12: =SUMIF('Feature Log'!$F$4:$F$60,A12,'Feature Log'!$E$4:$E$60) -> 18 | C12: =C5 -> 21 | D12: =C12-B12 -> 3
A13: 3 | B13: =SUMIF('Feature Log'!$F$4:$F$60,A13,'Feature Log'!$E$4:$E$60) -> 18 | C13: =C6 -> 21 | D13: =C13-B13 -> 3
A15: Nota: al término del Sprint 3 siguen las pruebas Beta (21 al 27 de noviembre) y el Postmortem (28 al 30 de noviembre de 2026).

Sheet Project Chart
A1: PROJECT CHART
A2: Avance total del proyecto según los sprints planeados, en desarrollo, sin planear y terminados.

Sheet Feature Log
A1: FEATURE LOG
A2: Estados válidos: Planeado, Sin planear, En desarrollo, Terminado, Feature Creep, Eliminado.
A3: FeatureID | B3: Nombre | C3: Epic | D3: Estado | E3: Días | F3: SprintID | G3: Comentarios
A4: F01 | B4: Configuración del proyecto y recursos abiertos | C4: E6 | D4: Planeado | E4: 1 | F4: 1 | G4: Unity 6 LTS 2D (URP), repositorio Git, importación de recursos CC0/CC-BY-SA y registro de licencias.
A5: F02 | B5: Movimiento de Ámbar (vista cenital) | C5: E1 | D5: Planeado | E5: 3 | F5: 1 | G5: Cuatro direcciones con animaciones de caminata; colisiones con Tilemap.
A6: F03 | B6: Cámara pixel perfect con seguimiento | C6: E1 | D6: Planeado | E6: 1 | F6: 1 | G6: Pixel Perfect Camera 640x360 y Cinemachine confinada a los límites del mapa.
A7: F04 | B7: Sistema de interacción | C7: E1 | D7: Planeado | E7: 2 | F7: 1 | G7: Detección de objetos y NPC cercanos con aviso [E] Examinar.
A8: F05 | B8: Sistema de diálogos (Yarn Spinner) | C8: E1 | D8: Planeado | E8: 3 | F8: 1 | G8: Caja de diálogo con retrato, nombre, efecto máquina de escribir y opciones.
A9: F06 | B9: Mapa 0: La ofrenda (prólogo y tutorial) | C9: E3 | D9: Planeado | E9: 3 | F9: 1 | G9: Sala, cocina y patio; tutorial de controles y primer memento.
A10: F07 | B10: Fragmentos de memoria | C10: E2 | D10: Planeado | E10: 2 | F10: 1 | G10: Recolección, contador 0/4 y registro en el diario.
A11: F08 | B11: Niebla del Olvido y Ecos | C11: E2 | D11: Planeado | E11: 3 | F11: 1 | G11: Zonas bloqueadas que se disipan con fragmentos; Ecos que se desmienten.
A12: F09 | B12: Pantalla de título y menú principal | C12: E4 | D12: Planeado | E12: 1 | F12: 1 | G12: Nueva partida, Continuar, Opciones, Créditos y Salir.
A13: F10 | B13: Guardado y carga automáticos | C13: E4 | D13: Planeado | E13: 2 | F13: 1 | G13: JSON en Application.persistentDataPath; autoguardado por evento.
A14: F11 | B14: Tizne: compañero y pistas (Olfatear) | C14: E1 | D14: Planeado | E14: 2 | F14: 2 | G14: Seguimiento del jugador y pista con H; espera de 20 s.
A15: F12 | B15: Puzle de mosaico (rotación de piezas) | C15: E2 | D15: Planeado | E15: 3 | F15: 2 | G15: Cuadrícula 4x4, rotación, validación, reinicio y pista.
... A29: F26 | B29: Build para Windows | C29: E6 | D29: Planeado | E29: 1 | F29: 3 | G29: Compilación y prueba en un segundo equipo.
D30: Total días | E30: =SUM(E4:E29) -> 57

Sheet Historias de Usuario
A1: EPICS E HISTORIAS DE USUARIO
A2: Jerarquía: Epic (objetivo amplio) > Feature (funcionalidad que aporta valor) > Historia de usuario (unidad de trabajo del sprint) > Tarea (actividad técnica).
A3: Epic | B3: Nombre | C3: Descripción
A4: E1 | B4: Núcleo jugable | C4: Movimiento, cámara, interacción, diálogos y compañero Tizne.
A5: E2 | B5: Sistema de memorias | C5: Fragmentos, Olvido, mementos, puzle de mosaico y vela de progreso.
A6: E3 | B6: Contenido narrativo | C6: Mapas 0 a 4, guion, personajes y epílogo.
A7: E4 | B7: Interfaz y flujo | C7: Menús, HUD, diario, pausa, opciones y guardado.
A8: E5 | B8: Audio y extras | C8: Música, efectos de sonido, logros, códigos secretos y pétalos.
A9: E6 | B9: Calidad y entrega | C9: Configuración del proyecto, pulido, corrección de errores y build.
A12: HU-ID | B12: Epic | C12: FeatureID | D12: Historia de usuario | E12: Criterios de aceptación | F12: SprintID
A13: HU01 | B13: E6 | C13: F01 | D13: Como desarrollador, quiero un proyecto de Unity configurado con los recursos importados para comenzar la producción sin bloqueos. | E13: El proyecto abre sin errores; los recursos están en Assets/; CREDITOS.txt lista cada licencia. | F13: 1
A14: HU02 | B14: E1 | C14: F02 | D14: Como jugador, quiero mover a Ámbar con teclado o gamepad para explorar los recuerdos. | E14: Movimiento en 4 direcciones con animación; no atraviesa paredes ni muebles. | F14: 1
A15: HU03 | B15: E1 | C15: F03 | D15: Como jugador, quiero que la cámara siga a Ámbar sin deformar el pixel art para ver el escenario con claridad. | E15: La imagen se ve nítida a 1920x1080; la cámara no muestra fuera del mapa. | F15: 1
A16: HU04 | B16: E1 | C16: F04 | D16: Como jugador, quiero examinar objetos y hablar con personajes para descubrir la historia. | E16: Aparece el aviso al acercarse; E, Espacio o clic ejecutan la interacción. | F16: 1
A17: HU05 | B17: E1 | C17: F05 | D17: Como jugador, quiero leer los diálogos con retrato y nombre para seguir la conversación. | E17: Los diálogos se cargan desde archivos .yarn; el texto se puede adelantar. | F17: 1
A18: HU06 | B18: E3 | C18: F06 | D18: Como jugador nuevo, quiero un prólogo que me enseñe los controles para entender cómo se juega. | E18: El tutorial explica mover, examinar, Luz de vela y fragmentos; termina en el primer memento. | F18: 1
A19: HU07 | B19: E2 | C19: F07 | D19: Como jugador, quiero reunir fragmentos de memoria para avanzar en la historia. | E19: Cada fragmento suma al contador, reproduce S03 y queda guardado. | F19: 1
A20: HU08 | B20: E2 | C20: F08 | D20: Como jugador, quiero que la niebla se disipe cuando encuentro la verdad para sentir que avanzo en la memoria de Aurelio. | E20: Cada zona se asocia a un fragmento; al obtenerlo la niebla se desvanece y el paso se abre. | F20: 1
A21: HU09 | B21: E4 | C21: F09 | D21: Como jugador, quiero un menú principal para iniciar o continuar mi partida. | E21: Todas las opciones navegan al estado correcto; Continuar se deshabilita sin partida. | F21: 1
A22: HU10 | B22: E4 | C22: F10 | D22: Como jugador, quiero que mi progreso se guarde solo para no perderlo al salir. | E22: Al reabrir el juego, Continuar restaura mapa, fragmentos y pétalos. | F22: 1
A23: HU11 | B23: E1 | C23: F11 | D23: Como jugador, quiero pedirle pistas a Tizne para no quedarme atorado. | E23: Tizne sigue a Ámbar; con H corre hacia el fragmento más cercano y ladra. | F23: 2
A24: HU12 | B24: E2 | C24: F12 | D24: Como jugador, quiero reconstruir el recuerdo girando piezas para pasar al recuerdo anterior. | E24: El puzle detecta la solución; muestra piezas correctas y rotaciones; R reinicia. | F24: 2
... A38: HU26 | B38: E6 | C38: F26 | D38: Como jugador, quiero instalar y abrir el juego en mi computadora para jugarlo. | E38: El ejecutable abre y se puede terminar el juego en otro equipo. | F38: 3

Sheet Sprint 1 Backlog
A1: SPRINT 1 BACKLOG
A2: Registre cada día el esfuerzo restante (horas) de cada tarea en la columna del día; el día 0 toma el esfuerzo estimado. Las filas 5 a 9 y las gráficas se calculan solas.
A3: Días | B3: {=INDEX('Sprint Plan'!$C$4:$C$6,1)} -> 21 | C3: Tareas | D3: =COUNTA(A13:A42) -> 17 | E3: Esfuerzo total (h) | F3: =SUM(G13:G42) -> 58 | G3: Tendencia (h/día) | H3: {=IF(COUNT($H$5:$AC$5)<=1,0,($F$3-INDEX($H$5:$AC$5,COUNT($H$5:$AC$5)))/(COUNT($H$5:$AC$5)-1))} -> 0 | I3: Inicio | J3: {=INDEX('Sprint Plan'!$B$4:$B$6,1)} -> 46284
G4: Día | H4: 0 | I4: 1 | J4: 2 | K4: 3 | L4: 4 | M4: 5 | N4: 6 | O4: 7 | P4: 8 | Q4: 9 | R4: 10 | S4: 11 | T4: 12 | U4: 13 | V4: 14 | W4: 15 | X4: 16 | Y4: 17 | Z4: 18 | AA4: 19 | AB4: 20 | AC4: 21
G5: Esfuerzo restante | H5: =IF(COUNT(H$13:H$42)=0,"",SUM(H$13:H$42)) -> 58 | I5: =IF(COUNT(I$13:I$42)=0,"",SUM(I$13:I$42)) | J5: =IF(COUNT(J$13:J$42)=0,"",SUM(J$13:J$42)) | K5: =IF(COUNT(K$13:K$42)=0,"",SUM(K$13:K$42)) | L5: =IF(COUNT(L$13:L$42)=0,"",SUM(L$13:L$42)) | M5: =IF(COUNT(M$13:M$42)=0,"",SUM(M$13:M$42)) | N5: =IF(COUNT(N$13:N$42)=0,"",SUM(N$13:N$42)) | O5: =IF(COUNT(O$13:O$42)=0,"",SUM(O$13:O$42)) | ... AC5: =IF(COUNT(AC$13:AC$42)=0,"",SUM(AC$13:AC$42))
G6: Tendencia actual | H6: =IF($H$3=0,"",MAX(0,$F$3-$H$3*H$4)) | I6: =IF($H$3=0,"",MAX(0,$F$3-$H$3*I$4)) | J6: =IF($H$3=0,"",MAX(0,$F$3-$H$3*J$4)) | K6: =IF($H$3=0,"",MAX(0,$F$3-$H$3*K$4)) | L6: =IF($H$3=0,"",MAX(0,$F$3-$H$3*L$4)) | M6: =IF($H$3=0,"",MAX(0,$F$3-$H$3*M$4)) | N6: =IF($H$3=0,"",MAX(0,$F$3-$H$3*N$4)) | O6: =IF($H$3=0,"",MAX(0,$F$3-$H$3*O$4)) | ... AC6: =IF($H$3=0,"",MAX(0,$F$3-$H$3*AC$4))
G7: Progreso ideal | H7: =$F$3-$F$3/$B$3*H$4 -> 58 | I7: =$F$3-$F$3/$B$3*I$4 -> 55.238095 | J7: =$F$3-$F$3/$B$3*J$4 -> 52.47619 | K7: =$F$3-$F$3/$B$3*K$4 -> 49.714286 | L7: =$F$3-$F$3/$B$3*L$4 -> 46.952381 | M7: =$F$3-$F$3/$B$3*M$4 -> 44.190476 | N7: =$F$3-$F$3/$B$3*N$4 -> 41.428571 | O7: =$F$3-$F$3/$B$3*O$4 -> 38.666667 | ... AC7: =$F$3-$F$3/$B$3*AC$4 -> 0
G8: Tareas restantes | H8: =IF(COUNT(H$13:H$42)=0,"",COUNTIF(H$13:H$42,">0")) -> 17 | I8: =IF(COUNT(I$13:I$42)=0,"",COUNTIF(I$13:I$42,">0")) | J8: =IF(COUNT(J$13:J$42)=0,"",COUNTIF(J$13:J$42,">0")) | K8: =IF(COUNT(K$13:K$42)=0,"",COUNTIF(K$13:K$42,">0")) | L8: =IF(COUNT(L$13:L$42)=0,"",COUNTIF(L$13:L$42,">0")) | M8: =IF(COUNT(M$13:M$42)=0,"",COUNTIF(M$13:M$42,">0")) | N8: =IF(COUNT(N$13:N$42)=0,"",COUNTIF(N$13:N$42,">0")) | O8: =IF(COUNT(O$13:O$42)=0,"",COUNTIF(O$13:O$42,">0")) | ... AC8: =IF(COUNT(AC$13:AC$42)=0,"",COUNTIF(AC$13:AC$42,">0"))
G9: Tareas ideales | H9: =$D$3-$D$3/$B$3*H$4 -> 17 | I9: =$D$3-$D$3/$B$3*I$4 -> 16.190476 | J9: =$D$3-$D$3/$B$3*J$4 -> 15.380952 | K9: =$D$3-$D$3/$B$3*K$4 -> 14.571429 | L9: =$D$3-$D$3/$B$3*L$4 -> 13.761905 | M9: =$D$3-$D$3/$B$3*M$4 -> 12.952381 | N9: =$D$3-$D$3/$B$3*N$4 -> 12.142857 | O9: =$D$3-$D$3/$B$3*O$4 -> 11.333333 | ... AC9: =$D$3-$D$3/$B$3*AC$4 -> 0
G10: Fecha | H10: =$J$3+H$4 -> 46284 | I10: =$J$3+I$4 -> 46285 | J10: =$J$3+J$4 -> 46286 | K10: =$J$3+K$4 -> 46287 | L10: =$J$3+L$4 -> 46288 | M10: =$J$3+M$4 -> 46289 | N10: =$J$3+N$4 -> 46290 | O10: =$J$3+O$4 -> 46291 | ... AC10: =$J$3+AC$4 -> 46305
A12: Nombre de la tarea | B12: HU-ID | C12: FeatureID | D12: Miembro | E12: Rol | F12: Estado | G12: Esfuerzo (h) | H12: 0 | I12: 1 | J12: 2 | K12: 3 | L12: 4 | M12: 5 | N12: 6 | O12: 7 | P12: 8 | Q12: 9 | R12: 10 | S12: 11 | T12: 12 | U12: 13 | V12: 14 | W12: 15 | X12: 16 | Y12: 17 | Z12: 18 | AA12: 19 | AB12: 20 | AC12: 21
A13: Crear proyecto Unity 6 LTS 2D (URP) y repositorio en GitHub | B13: HU01 | C13: F01 | D13: Fortino Romero Mantilla | E13: Programador | F13: Planeado | G13: 2 | H13: =G13 -> 2
A14: Descargar e importar recursos abiertos y registrar licencias | B14: HU01 | C14: F01 | D14: Fortino Romero Mantilla | E14: Integrador de arte/audio | F14: Planeado | G14: 3 | H14: =G14 -> 3
A15: Configurar Input System (teclado, mouse y gamepad) | B15: HU02 | C15: F02 | D15: Fortino Romero Mantilla | E15: Programador | F15: Planeado | G15: 2 | H15: =G15 -> 2
A16: Programar movimiento y animaciones de Ámbar | B16: HU02 | C16: F02 | D16: Fortino Romero Mantilla | E16: Programador | F16: Planeado | G16: 5 | H16: =G16 -> 5
A17: Configurar colisiones con Tilemap | B17: HU02 | C17: F02 | D17: Fortino Romero Mantilla | E17: Programador | F17: Planeado | G17: 2 | H17: =G17 -> 2
A18: Configurar Pixel Perfect Camera y Cinemachine | B18: HU03 | C18: F03 | D18: Fortino Romero Mantilla | E18: Programador | F18: Planeado | G18: 2 | H18: =G18 -> 2
A19: Programar sistema de interacción y aviso | B19: HU04 | C19: F04 | D19: Fortino Romero Mantilla | E19: Programador | F19: Planeado | G19: 4 | H19: =G19 -> 4
A20: Integrar Yarn Spinner y caja de diálogo | B20: HU05 | C20: F05 | D20: Fortino Romero Mantilla | E20: Programador | F20: Planeado | G20: 5 | H20: =G20 -> 5
A21: Escribir diálogos del prólogo en Yarn | B21: HU05 | C21: F05 | D21: Fortino Romero Mantilla | E21: Game Designer | F21: Planeado | G21: 3 | H21: =G21 -> 3
A22: Construir Tilemap de la ofrenda (sala, cocina y patio) | B22: HU06 | C22: F06 | D22: Fortino Romero Mantilla | E22: Integrador de arte/audio | F22: Planeado | G22: 5 | H22: =G22 -> 5
A23: Colocar objetos, NPC y disparadores del tutorial | B23: HU06 | C23: F06 | D23: Fortino Romero Mantilla | E23: Game Designer | F23: Planeado | G23: 3 | H23: =G23 -> 3
A24: Programar recolección y contador de fragmentos | B24: HU07 | C24: F07 | D24: Fortino Romero Mantilla | E24: Programador | F24: Planeado | G24: 4 | H24: =G24 -> 4
... A29: Pruebas Alfa del Sprint 1 y registro en Buglist | B29: — | C29: — | D29: Fortino Romero Mantilla | E29: Tester | F29: Planeado | G29: 3 | H29: =G29 -> 3
A44: Datos auxiliares para las gráficas (filas ocultas; el error NA indica un día sin registro y no se grafica).
G45: Esfuerzo restante | H45: =IF(H5="",NA(),H5) -> 58 | I45: =IF(I5="",NA(),I5) -> #N/A | J45: =IF(J5="",NA(),J5) -> #N/A | K45: =IF(K5="",NA(),K5) -> #N/A | L45: =IF(L5="",NA(),L5) -> #N/A | M45: =IF(M5="",NA(),M5) -> #N/A | N45: =IF(N5="",NA(),N5) -> #N/A | O45: =IF(O5="",NA(),O5) -> #N/A | ... AC45: =IF(AC5="",NA(),AC5) -> #N/A
G46: Tendencia actual | H46: =IF(H6="",NA(),H6) -> #N/A | I46: =IF(I6="",NA(),I6) -> #N/A | J46: =IF(J6="",NA(),J6) -> #N/A | K46: =IF(K6="",NA(),K6) -> #N/A | L46: =IF(L6="",NA(),L6) -> #N/A | M46: =IF(M6="",NA(),M6) -> #N/A | N46: =IF(N6="",NA(),N6) -> #N/A | O46: =IF(O6="",NA(),O6) -> #N/A | ... AC46: =IF(AC6="",NA(),AC6) -> #N/A
G47: Progreso ideal | H47: =H7 -> 58 | I47: =I7 -> 55.238095 | J47: =J7 -> 52.47619 | K47: =K7 -> 49.714286 | L47: =L7 -> 46.952381 | M47: =M7 -> 44.190476 | N47: =N7 -> 41.428571 | O47: =O7 -> 38.666667 | ... AC47: =AC7 -> 0
G48: Tareas restantes | H48: =IF(H8="",NA(),H8) -> 17 | I48: =IF(I8="",NA(),I8) -> #N/A | J48: =IF(J8="",NA(),J8) -> #N/A | K48: =IF(K8="",NA(),K8) -> #N/A | L48: =IF(L8="",NA(),L8) -> #N/A | M48: =IF(M8="",NA(),M8) -> #N/A | N48: =IF(N8="",NA(),N8) -> #N/A | O48: =IF(O8="",NA(),O8) -> #N/A | ... AC48: =IF(AC8="",NA(),AC8) -> #N/A
G49: Tareas ideales | H49: =H9 -> 17 | I49: =I9 -> 16.190476 | J49: =J9 -> 15.380952 | K49: =K9 -> 14.571429 | L49: =L9 -> 13.761905 | M49: =M9 -> 12.952381 | N49: =N9 -> 12.142857 | O49: =O9 -> 11.333333 | ... AC49: =AC9 -> 0

Sheet Task Chart - Sprint 1
A1: TASK CHART – SPRINT 1
A2: Número de tareas restantes respecto a los días del sprint.

Sheet Burn-down Chart - Sprint 1
A1: BURN-DOWN CHART – SPRINT 1
A2: Esfuerzo restante diario, progreso ideal y tendencia actual del esfuerzo realizado.

Sheet Sprint 2 Backlog
A1: SPRINT 2 BACKLOG
A2: Registre cada día el esfuerzo restante (horas) de cada tarea en la columna del día; el día 0 toma el esfuerzo estimado. Las filas 5 a 9 y las gráficas se calculan solas.
A3: Días | B3: {=INDEX('Sprint Plan'!$C$4:$C$6,2)} -> 21 | C3: Tareas | D3: =COUNTA(A13:A42) -> 16 | E3: Esfuerzo total (h) | F3: =SUM(G13:G42) -> 53 | G3: Tendencia (h/día) | H3: {=IF(COUNT($H$5:$AC$5)<=1,0,($F$3-INDEX($H$5:$AC$5,COUNT($H$5:$AC$5)))/(COUNT($H$5:$AC$5)-1))} -> 0 | I3: Inicio | J3: {=INDEX('Sprint Plan'!$B$4:$B$6,2)} -> 46305
G4: Día | H4: 0 | I4: 1 | J4: 2 | K4: 3 | L4: 4 | M4: 5 | N4: 6 | O4: 7 | P4: 8 | Q4: 9 | R4: 10 | S4: 11 | T4: 12 | U4: 13 | V4: 14 | W4: 15 | X4: 16 | Y4: 17 | Z4: 18 | AA4: 19 | AB4: 20 | AC4: 21
G5: Esfuerzo restante | H5: =IF(COUNT(H$13:H$42)=0,"",SUM(H$13:H$42)) -> 53 | I5: =IF(COUNT(I$13:I$42)=0,"",SUM(I$13:I$42)) | J5: =IF(COUNT(J$13:J$42)=0,"",SUM(J$13:J$42)) | K5: =IF(COUNT(K$13:K$42)=0,"",SUM(K$13:K$42)) | L5: =IF(COUNT(L$13:L$42)=0,"",SUM(L$13:L$42)) | M5: =IF(COUNT(M$13:M$42)=0,"",SUM(M$13:M$42)) | N5: =IF(COUNT(N$13:N$42)=0,"",SUM(N$13:N$42)) | O5: =IF(COUNT(O$13:O$42)=0,"",SUM(O$13:O$42)) | ... AC5: =IF(COUNT(AC$13:AC$42)=0,"",SUM(AC$13:AC$42))
G6: Tendencia actual | H6: =IF($H$3=0,"",MAX(0,$F$3-$H$3*H$4)) | I6: =IF($H$3=0,"",MAX(0,$F$3-$H$3*I$4)) | J6: =IF($H$3=0,"",MAX(0,$F$3-$H$3*J$4)) | K6: =IF($H$3=0,"",MAX(0,$F$3-$H$3*K$4)) | L6: =IF($H$3=0,"",MAX(0,$F$3-$H$3*L$4)) | M6: =IF($H$3=0,"",MAX(0,$F$3-$H$3*M$4)) | N6: =IF($H$3=0,"",MAX(0,$F$3-$H$3*N$4)) | O6: =IF($H$3=0,"",MAX(0,$F$3-$H$3*O$4)) | ... AC6: =IF($H$3=0,"",MAX(0,$F$3-$H$3*AC$4))
G7: Progreso ideal | H7: =$F$3-$F$3/$B$3*H$4 -> 53 | I7: =$F$3-$F$3/$B$3*I$4 -> 50.47619 | J7: =$F$3-$F$3/$B$3*J$4 -> 47.952381 | K7: =$F$3-$F$3/$B$3*K$4 -> 45.428571 | L7: =$F$3-$F$3/$B$3*L$4 -> 42.904762 | M7: =$F$3-$F$3/$B$3*M$4 -> 40.380952 | N7: =$F$3-$F$3/$B$3*N$4 -> 37.857143 | O7: =$F$3-$F$3/$B$3*O$4 -> 35.333333 | ... AC7: =$F$3-$F$3/$B$3*AC$4 -> 0
G8: Tareas restantes | H8: =IF(COUNT(H$13:H$42)=0,"",COUNTIF(H$13:H$42,">0")) -> 16 | I8: =IF(COUNT(I$13:I$42)=0,"",COUNTIF(I$13:I$42,">0")) | J8: =IF(COUNT(J$13:J$42)=0,"",COUNTIF(J$13:J$42,">0")) | K8: =IF(COUNT(K$13:K$42)=0,"",COUNTIF(K$13:K$42,">0")) | L8: =IF(COUNT(L$13:L$42)=0,"",COUNTIF(L$13:L$42,">0")) | M8: =IF(COUNT(M$13:M$42)=0,"",COUNTIF(M$13:M$42,">0")) | N8: =IF(COUNT(N$13:N$42)=0,"",COUNTIF(N$13:N$42,">0")) | O8: =IF(COUNT(O$13:O$42)=0,"",COUNTIF(O$13:O$42,">0")) | ... AC8: =IF(COUNT(AC$13:AC$42)=0,"",COUNTIF(AC$13:AC$42,">0"))
G9: Tareas ideales | H9: =$D$3-$D$3/$B$3*H$4 -> 16 | I9: =$D$3-$D$3/$B$3*I$4 -> 15.238095 | J9: =$D$3-$D$3/$B$3*J$4 -> 14.47619 | K9: =$D$3-$D$3/$B$3*K$4 -> 13.714286 | L9: =$D$3-$D$3/$B$3*L$4 -> 12.952381 | M9: =$D$3-$D$3/$B$3*M$4 -> 12.190476 | N9: =$D$3-$D$3/$B$3*N$4 -> 11.428571 | O9: =$D$3-$D$3/$B$3*O$4 -> 10.666667 | ... AC9: =$D$3-$D$3/$B$3*AC$4 -> 0
G10: Fecha | H10: =$J$3+H$4 -> 46305 | I10: =$J$3+I$4 -> 46306 | J10: =$J$3+J$4 -> 46307 | K10: =$J$3+K$4 -> 46308 | L10: =$J$3+L$4 -> 46309 | M10: =$J$3+M$4 -> 46310 | N10: =$J$3+N$4 -> 46311 | O10: =$J$3+O$4 -> 46312 | ... AC10: =$J$3+AC$4 -> 46326
A12: Nombre de la tarea | B12: HU-ID | C12: FeatureID | D12: Miembro | E12: Rol | F12: Estado | G12: Esfuerzo (h) | H12: 0 | I12: 1 | J12: 2 | K12: 3 | L12: 4 | M12: 5 | N12: 6 | O12: 7 | P12: 8 | Q12: 9 | R12: 10 | S12: 11 | T12: 12 | U12: 13 | V12: 14 | W12: 15 | X12: 16 | Y12: 17 | Z12: 18 | AA12: 19 | AB12: 20 | AC12: 21
A13: Programar seguimiento de Tizne | B13: HU11 | C13: F11 | D13: Fortino Romero Mantilla | E13: Programador | F13: Planeado | G13: 3 | H13: =G13 -> 3
A14: Programar pista Olfatear con tiempo de espera | B14: HU11 | C14: F11 | D14: Fortino Romero Mantilla | E14: Programador | F14: Planeado | G14: 3 | H14: =G14 -> 3
A15: Programar lógica del puzle de rotación de piezas | B15: HU12 | C15: F12 | D15: Fortino Romero Mantilla | E15: Programador | F15: Planeado | G15: 6 | H15: =G15 -> 6
A16: Preparar imágenes de los cuatro mosaicos | B16: HU12 | C16: F12 | D16: Fortino Romero Mantilla | E16: Integrador de arte/audio | F16: Planeado | G16: 3 | H16: =G16 -> 3
A17: Programar activación de mementos | B17: HU13 | C17: F13 | D17: Fortino Romero Mantilla | E17: Programador | F17: Planeado | G17: 3 | H17: =G17 -> 3
A18: Crear transición visual entre recuerdos | B18: HU13 | C18: F13 | D18: Fortino Romero Mantilla | E18: Programador | F18: Planeado | G18: 3 | H18: =G18 -> 3
A19: Construir Tilemap del Recuerdo 1 | B19: HU14 | C19: F14 | D19: Fortino Romero Mantilla | E19: Integrador de arte/audio | F19: Planeado | G19: 4 | H19: =G19 -> 4
A20: Integrar diálogos, fragmentos y niebla del Recuerdo 1 | B20: HU14 | C20: F14 | D20: Fortino Romero Mantilla | E20: Game Designer | F20: Planeado | G20: 4 | H20: =G20 -> 4
A21: Construir Tilemap del Recuerdo 2 | B21: HU15 | C21: F15 | D21: Fortino Romero Mantilla | E21: Integrador de arte/audio | F21: Planeado | G21: 4 | H21: =G21 -> 4
A22: Integrar diálogos, fragmentos y niebla del Recuerdo 2 | B22: HU15 | C22: F15 | D22: Fortino Romero Mantilla | E22: Game Designer | F22: Planeado | G22: 4 | H22: =G22 -> 4
A23: Crear HUD de exploración | B23: HU16 | C23: F16 | D23: Fortino Romero Mantilla | E23: Programador | F23: Planeado | G23: 3 | H23: =G23 -> 3
A24: Crear Diario de recuerdos | B24: HU16 | C24: F16 | D24: Fortino Romero Mantilla | E24: Programador | F24: Planeado | G24: 3 | H24: =G24 -> 3
... A28: Pruebas Alfa del Sprint 2 y registro en Buglist | B28: — | C28: — | D28: Fortino Romero Mantilla | E28: Tester | F28: Planeado | G28: 3 | H28: =G28 -> 3
A44: Datos auxiliares para las gráficas (filas ocultas; el error NA indica un día sin registro y no se grafica).
G45: Esfuerzo restante | H45: =IF(H5="",NA(),H5) -> 53 | I45: =IF(I5="",NA(),I5) -> #N/A | J45: =IF(J5="",NA(),J5) -> #N/A | K45: =IF(K5="",NA(),K5) -> #N/A | L45: =IF(L5="",NA(),L5) -> #N/A | M45: =IF(M5="",NA(),M5) -> #N/A | N45: =IF(N5="",NA(),N5) -> #N/A | O45: =IF(O5="",NA(),O5) -> #N/A | ... AC45: =IF(AC5="",NA(),AC5) -> #N/A
G46: Tendencia actual | H46: =IF(H6="",NA(),H6) -> #N/A | I46: =IF(I6="",NA(),I6) -> #N/A | J46: =IF(J6="",NA(),J6) -> #N/A | K46: =IF(K6="",NA(),K6) -> #N/A | L46: =IF(L6="",NA(),L6) -> #N/A | M46: =IF(M6="",NA(),M6) -> #N/A | N46: =IF(N6="",NA(),N6) -> #N/A | O46: =IF(O6="",NA(),O6) -> #N/A | ... AC46: =IF(AC6="",NA(),AC6) -> #N/A
G47: Progreso ideal | H47: =H7 -> 53 | I47: =I7 -> 50.47619 | J47: =J7 -> 47.952381 | K47: =K7 -> 45.428571 | L47: =L7 -> 42.904762 | M47: =M7 -> 40.380952 | N47: =N7 -> 37.857143 | O47: =O7 -> 35.333333 | ... AC47: =AC7 -> 0
G48: Tareas restantes | H48: =IF(H8="",NA(),H8) -> 16 | I48: =IF(I8="",NA(),I8) -> #N/A | J48: =IF(J8="",NA(),J8) -> #N/A | K48: =IF(K8="",NA(),K8) -> #N/A | L48: =IF(L8="",NA(),L8) -> #N/A | M48: =IF(M8="",NA(),M8) -> #N/A | N48: =IF(N8="",NA(),N8) -> #N/A | O48: =IF(O8="",NA(),O8) -> #N/A | ... AC48: =IF(AC8="",NA(),AC8) -> #N/A
G49: Tareas ideales | H49: =H9 -> 16 | I49: =I9 -> 15.238095 | J49: =J9 -> 14.47619 | K49: =K9 -> 13.714286 | L49: =L9 -> 12.952381 | M49: =M9 -> 12.190476 | N49: =N9 -> 11.428571 | O49: =O9 -> 10.666667 | ... AC49: =AC9 -> 0

Sheet Task Chart - Sprint 2
A1: TASK CHART – SPRINT 2
A2: Número de tareas restantes respecto a los días del sprint.

Sheet Burn-down Chart - Sprint 2
A1: BURN-DOWN CHART – SPRINT 2
A2: Esfuerzo restante diario, progreso ideal y tendencia actual del esfuerzo realizado.

Sheet Sprint 3 Backlog
A1: SPRINT 3 BACKLOG
A2: Registre cada día el esfuerzo restante (horas) de cada tarea en la columna del día; el día 0 toma el esfuerzo estimado. Las filas 5 a 9 y las gráficas se calculan solas.
A3: Días | B3: {=INDEX('Sprint Plan'!$C$4:$C$6,3)} -> 21 | C3: Tareas | D3: =COUNTA(A13:A42) -> 15 | E3: Esfuerzo total (h) | F3: =SUM(G13:G42) -> 47 | G3: Tendencia (h/día) | H3: {=IF(COUNT($H$5:$AC$5)<=1,0,($F$3-INDEX($H$5:$AC$5,COUNT($H$5:$AC$5)))/(COUNT($H$5:$AC$5)-1))} -> 0 | I3: Inicio | J3: {=INDEX('Sprint Plan'!$B$4:$B$6,3)} -> 46326
G4: Día | H4: 0 | I4: 1 | J4: 2 | K4: 3 | L4: 4 | M4: 5 | N4: 6 | O4: 7 | P4: 8 | Q4: 9 | R4: 10 | S4: 11 | T4: 12 | U4: 13 | V4: 14 | W4: 15 | X4: 16 | Y4: 17 | Z4: 18 | AA4: 19 | AB4: 20 | AC4: 21
G5: Esfuerzo restante | H5: =IF(COUNT(H$13:H$42)=0,"",SUM(H$13:H$42)) -> 47 | I5: =IF(COUNT(I$13:I$42)=0,"",SUM(I$13:I$42)) | J5: =IF(COUNT(J$13:J$42)=0,"",SUM(J$13:J$42)) | K5: =IF(COUNT(K$13:K$42)=0,"",SUM(K$13:K$42)) | L5: =IF(COUNT(L$13:L$42)=0,"",SUM(L$13:L$42)) | M5: =IF(COUNT(M$13:M$42)=0,"",SUM(M$13:M$42)) | N5: =IF(COUNT(N$13:N$42)=0,"",SUM(N$13:N$42)) | O5: =IF(COUNT(O$13:O$42)=0,"",SUM(O$13:O$42)) | ... AC5: =IF(COUNT(AC$13:AC$42)=0,"",SUM(AC$13:AC$42))
G6: Tendencia actual | H6: =IF($H$3=0,"",MAX(0,$F$3-$H$3*H$4)) | I6: =IF($H$3=0,"",MAX(0,$F$3-$H$3*I$4)) | J6: =IF($H$3=0,"",MAX(0,$F$3-$H$3*J$4)) | K6: =IF($H$3=0,"",MAX(0,$F$3-$H$3*K$4)) | L6: =IF($H$3=0,"",MAX(0,$F$3-$H$3*L$4)) | M6: =IF($H$3=0,"",MAX(0,$F$3-$H$3*M$4)) | N6: =IF($H$3=0,"",MAX(0,$F$3-$H$3*N$4)) | O6: =IF($H$3=0,"",MAX(0,$F$3-$H$3*O$4)) | ... AC6: =IF($H$3=0,"",MAX(0,$F$3-$H$3*AC$4))
G7: Progreso ideal | H7: =$F$3-$F$3/$B$3*H$4 -> 47 | I7: =$F$3-$F$3/$B$3*I$4 -> 44.761905 | J7: =$F$3-$F$3/$B$3*J$4 -> 42.52381 | K7: =$F$3-$F$3/$B$3*K$4 -> 40.285714 | L7: =$F$3-$F$3/$B$3*L$4 -> 38.047619 | M7: =$F$3-$F$3/$B$3*M$4 -> 35.809524 | N7: =$F$3-$F$3/$B$3*N$4 -> 33.571429 | O7: =$F$3-$F$3/$B$3*O$4 -> 31.333333 | ... AC7: =$F$3-$F$3/$B$3*AC$4 -> 0
G8: Tareas restantes | H8: =IF(COUNT(H$13:H$42)=0,"",COUNTIF(H$13:H$42,">0")) -> 15 | I8: =IF(COUNT(I$13:I$42)=0,"",COUNTIF(I$13:I$42,">0")) | J8: =IF(COUNT(J$13:J$42)=0,"",COUNTIF(J$13:J$42,">0")) | K8: =IF(COUNT(K$13:K$42)=0,"",COUNTIF(K$13:K$42,">0")) | L8: =IF(COUNT(L$13:L$42)=0,"",COUNTIF(L$13:L$42,">0")) | M8: =IF(COUNT(M$13:M$42)=0,"",COUNTIF(M$13:M$42,">0")) | N8: =IF(COUNT(N$13:N$42)=0,"",COUNTIF(N$13:N$42,">0")) | O8: =IF(COUNT(O$13:O$42)=0,"",COUNTIF(O$13:O$42,">0")) | ... AC8: =IF(COUNT(AC$13:AC$42)=0,"",COUNTIF(AC$13:AC$42,">0"))
G9: Tareas ideales | H9: =$D$3-$D$3/$B$3*H$4 -> 15 | I9: =$D$3-$D$3/$B$3*I$4 -> 14.285714 | J9: =$D$3-$D$3/$B$3*J$4 -> 13.571429 | K9: =$D$3-$D$3/$B$3*K$4 -> 12.857143 | L9: =$D$3-$D$3/$B$3*L$4 -> 12.142857 | M9: =$D$3-$D$3/$B$3*M$4 -> 11.428571 | N9: =$D$3-$D$3/$B$3*N$4 -> 10.714286 | O9: =$D$3-$D$3/$B$3*O$4 -> 10 | ... AC9: =$D$3-$D$3/$B$3*AC$4 -> 0
G10: Fecha | H10: =$J$3+H$4 -> 46326 | I10: =$J$3+I$4 -> 46327 | J10: =$J$3+J$4 -> 46328 | K10: =$J$3+K$4 -> 46329 | L10: =$J$3+L$4 -> 46330 | M10: =$J$3+M$4 -> 46331 | N10: =$J$3+N$4 -> 46332 | O10: =$J$3+O$4 -> 46333 | ... AC10: =$J$3+AC$4 -> 46347
A12: Nombre de la tarea | B12: HU-ID | C12: FeatureID | D12: Miembro | E12: Rol | F12: Estado | G12: Esfuerzo (h) | H12: 0 | I12: 1 | J12: 2 | K12: 3 | L12: 4 | M12: 5 | N12: 6 | O12: 7 | P12: 8 | Q12: 9 | R12: 10 | S12: 11 | T12: 12 | U12: 13 | V12: 14 | W12: 15 | X12: 16 | Y12: 17 | Z12: 18 | AA12: 19 | AB12: 20 | AC12: 21
A13: Construir Tilemap e iluminación 2D del Recuerdo 3 | B13: HU19 | C13: F19 | D13: Fortino Romero Mantilla | E13: Integrador de arte/audio | F13: Planeado | G13: 5 | H13: =G13 -> 5
A14: Integrar diálogos, Ecos y revelación del Recuerdo 3 | B14: HU19 | C14: F19 | D14: Fortino Romero Mantilla | E14: Game Designer | F14: Planeado | G14: 4 | H14: =G14 -> 4
A15: Construir Tilemap del Recuerdo 4 | B15: HU20 | C15: F20 | D15: Fortino Romero Mantilla | E15: Integrador de arte/audio | F15: Planeado | G15: 4 | H15: =G15 -> 4
A16: Integrar diálogos y mosaico final del Recuerdo 4 | B16: HU20 | C16: F20 | D16: Fortino Romero Mantilla | E16: Game Designer | F16: Planeado | G16: 3 | H16: =G16 -> 3
A17: Programar escena del epílogo | B17: HU21 | C17: F21 | D17: Fortino Romero Mantilla | E17: Programador | F17: Planeado | G17: 3 | H17: =G17 -> 3
A18: Crear pantalla de créditos con atribuciones | B18: HU21 | C18: F21 | D18: Fortino Romero Mantilla | E18: Programador | F18: Planeado | G18: 1 | H18: =G18 -> 1
A19: Integrar música M01 a M08 | B19: HU22 | C19: F22 | D19: Fortino Romero Mantilla | E19: Integrador de arte/audio | F19: Planeado | G19: 3 | H19: =G19 -> 3
A20: Integrar efectos S01 a S14 y mezclar volúmenes | B20: HU22 | C20: F22 | D20: Fortino Romero Mantilla | E20: Integrador de arte/audio | F20: Planeado | G20: 3 | H20: =G20 -> 3
A21: Programar sistema de logros | B21: HU23 | C21: F23 | D21: Fortino Romero Mantilla | E21: Programador | F21: Planeado | G21: 3 | H21: =G21 -> 3
A22: Programar códigos secretos en el menú | B22: HU23 | C22: F23 | D22: Fortino Romero Mantilla | E22: Programador | F22: Planeado | G22: 2 | H22: =G22 -> 2
A23: Colocar y programar pétalos coleccionables | B23: HU24 | C23: F24 | D23: Fortino Romero Mantilla | E23: Game Designer | F23: Planeado | G23: 2 | H23: =G23 -> 2
A24: Corregir errores del Buglist | B24: HU25 | C24: F25 | D24: Fortino Romero Mantilla | E24: Programador | F24: Planeado | G24: 6 | H24: =G24 -> 6
... A27: Pruebas Alfa del Sprint 3 y registro en Buglist | B27: — | C27: — | D27: Fortino Romero Mantilla | E27: Tester | F27: Planeado | G27: 3 | H27: =G27 -> 3
A44: Datos auxiliares para las gráficas (filas ocultas; el error NA indica un día sin registro y no se grafica).
G45: Esfuerzo restante | H45: =IF(H5="",NA(),H5) -> 47 | I45: =IF(I5="",NA(),I5) -> #N/A | J45: =IF(J5="",NA(),J5) -> #N/A | K45: =IF(K5="",NA(),K5) -> #N/A | L45: =IF(L5="",NA(),L5) -> #N/A | M45: =IF(M5="",NA(),M5) -> #N/A | N45: =IF(N5="",NA(),N5) -> #N/A | O45: =IF(O5="",NA(),O5) -> #N/A | ... AC45: =IF(AC5="",NA(),AC5) -> #N/A
G46: Tendencia actual | H46: =IF(H6="",NA(),H6) -> #N/A | I46: =IF(I6="",NA(),I6) -> #N/A | J46: =IF(J6="",NA(),J6) -> #N/A | K46: =IF(K6="",NA(),K6) -> #N/A | L46: =IF(L6="",NA(),L6) -> #N/A | M46: =IF(M6="",NA(),M6) -> #N/A | N46: =IF(N6="",NA(),N6) -> #N/A | O46: =IF(O6="",NA(),O6) -> #N/A | ... AC46: =IF(AC6="",NA(),AC6) -> #N/A
G47: Progreso ideal | H47: =H7 -> 47 | I47: =I7 -> 44.761905 | J47: =J7 -> 42.52381 | K47: =K7 -> 40.285714 | L47: =L7 -> 38.047619 | M47: =M7 -> 35.809524 | N47: =N7 -> 33.571429 | O47: =O7 -> 31.333333 | ... AC47: =AC7 -> 0
G48: Tareas restantes | H48: =IF(H8="",NA(),H8) -> 15 | I48: =IF(I8="",NA(),I8) -> #N/A | J48: =IF(J8="",NA(),J8) -> #N/A | K48: =IF(K8="",NA(),K8) -> #N/A | L48: =IF(L8="",NA(),L8) -> #N/A | M48: =IF(M8="",NA(),M8) -> #N/A | N48: =IF(N8="",NA(),N8) -> #N/A | O48: =IF(O8="",NA(),O8) -> #N/A | ... AC48: =IF(AC8="",NA(),AC8) -> #N/A
G49: Tareas ideales | H49: =H9 -> 15 | I49: =I9 -> 14.285714 | J49: =J9 -> 13.571429 | K49: =K9 -> 12.857143 | L49: =L9 -> 12.142857 | M49: =M9 -> 11.428571 | N49: =N9 -> 10.714286 | O49: =O9 -> 10 | ... AC49: =AC9 -> 0

Sheet Task Chart - Sprint 3
A1: TASK CHART – SPRINT 3
A2: Número de tareas restantes respecto a los días del sprint.

Sheet Burn-down Chart - Sprint 3
A1: BURN-DOWN CHART – SPRINT 3
A2: Esfuerzo restante diario, progreso ideal y tendencia actual del esfuerzo realizado.

Sheet Buglist
A1: BUGLIST
A2: Se llena durante las pruebas Alfa de cada sprint y las pruebas Beta. La fila B000 es solo un ejemplo del formato.
A3: BugID | B3: Descripción | C3: Descripción técnica | D3: Autor | E3: Estado | F3: FeatureID | G3: Sprint | H3: Severidad | I3: Fecha
A4: B000 | B4: Ejemplo: Ámbar atraviesa la mesa de la cocina en la ofrenda. | C4: Ejemplo: falta TilemapCollider2D en la capa Muebles del Mapa 0. | D4: Fortino Romero Mantilla | E4: Cerrado | F4: F02 | G4: 1 | H4: Media | I4: 46302

Sheet Task Slips - Sprint 1
A1: TASK SLIPS – SPRINT 1
A2: Tarjetas de cada tarea del Sprint 1 Backlog; se actualizan con el esfuerzo registrado. Imprimir y recortar.
A4: FeatureID | B4: ='Sprint 1 Backlog'!C13 -> F01 | C4: Nombre | D4: {=IFERROR(INDEX('Feature Log'!$B$4:$B$60,MATCH('Sprint 1 Backlog'!C13,'Feature Log'!$A$4:$A$60,0)),"Pruebas Alfa del sprint")} -> Configuración del proyecto y recursos abiertos | H4: FeatureID | I4: ='Sprint 1 Backlog'!C14 -> F01 | J4: Nombre | K4: {=IFERROR(INDEX('Feature Log'!$B$4:$B$60,MATCH('Sprint 1 Backlog'!C14,'Feature Log'!$A$4:$A$60,0)),"Pruebas Alfa del sprint")} -> Configuración del proyecto y recursos abiertos
A5: Tarea | B5: ='Sprint 1 Backlog'!A13 -> Crear proyecto Unity 6 LTS 2D (URP) y repositorio en GitHub | H5: Tarea | I5: ='Sprint 1 Backlog'!A14 -> Descargar e importar recursos abiertos y registrar licencias
A6: Miembro | B6: ='Sprint 1 Backlog'!D13 -> Fortino Romero Mantilla | H6: Miembro | I6: ='Sprint 1 Backlog'!D14 -> Fortino Romero Mantilla
A7: Esfuerzo estimado (h) | B7: ='Sprint 1 Backlog'!G13 -> 2 | C7: Terminado (h) | D7: ='Sprint 1 Backlog'!G13-F7 -> 0 | E7: Restante (h) | F7: {=INDEX('Sprint 1 Backlog'!H13:AC13,COUNT('Sprint 1 Backlog'!H13:AC13))} -> 2 | H7: Esfuerzo estimado (h) | I7: ='Sprint 1 Backlog'!G14 -> 3 | J7: Terminado (h) | K7: ='Sprint 1 Backlog'!G14-M7 -> 0 | L7: Restante (h) | M7: {=INDEX('Sprint 1 Backlog'!H14:AC14,COUNT('Sprint 1 Backlog'!H14:AC14))} -> 3
A10: FeatureID | B10: ='Sprint 1 Backlog'!C15 -> F02 | C10: Nombre | D10: {=IFERROR(INDEX('Feature Log'!$B$4:$B$60,MATCH('Sprint 1 Backlog'!C15,'Feature Log'!$A$4:$A$60,0)),"Pruebas Alfa del sprint")} -> Movimiento de Ámbar (vista cenital) | H10: FeatureID | I10: ='Sprint 1 Backlog'!C16 -> F02 | J10: Nombre | K10: {=IFERROR(INDEX('Feature Log'!$B$4:$B$60,MATCH('Sprint 1 Backlog'!C16,'Feature Log'!$A$4:$A$60,0)),"Pruebas Alfa del sprint")} -> Movimiento de Ámbar (vista cenital)
A11: Tarea | B11: ='Sprint 1 Backlog'!A15 -> Configurar Input System (teclado, mouse y gamepad) | H11: Tarea | I11: ='Sprint 1 Backlog'!A16 -> Programar movimiento y animaciones de Ámbar
A12: Miembro | B12: ='Sprint 1 Backlog'!D15 -> Fortino Romero Mantilla | H12: Miembro | I12: ='Sprint 1 Backlog'!D16 -> Fortino Romero Mantilla
A13: Esfuerzo estimado (h) | B13: ='Sprint 1 Backlog'!G15 -> 2 | C13: Terminado (h) | D13: ='Sprint 1 Backlog'!G15-F13 -> 0 | E13: Restante (h) | F13: {=INDEX('Sprint 1 Backlog'!H15:AC15,COUNT('Sprint 1 Backlog'!H15:AC15))} -> 2 | H13: Esfuerzo estimado (h) | I13: ='Sprint 1 Backlog'!G16 -> 5 | J13: Terminado (h) | K13: ='Sprint 1 Backlog'!G16-M13 -> 0 | L13: Restante (h) | M13: {=INDEX('Sprint 1 Backlog'!H16:AC16,COUNT('Sprint 1 Backlog'!H16:AC16))} -> 5
A16: FeatureID | B16: ='Sprint 1 Backlog'!C17 -> F02 | C16: Nombre | D16: {=IFERROR(INDEX('Feature Log'!$B$4:$B$60,MATCH('Sprint 1 Backlog'!C17,'Feature Log'!$A$4:$A$60,0)),"Pruebas Alfa del sprint")} -> Movimiento de Ámbar (vista cenital) | H16: FeatureID | I16: ='Sprint 1 Backlog'!C18 -> F03 | J16: Nombre | K16: {=IFERROR(INDEX('Feature Log'!$B$4:$B$60,MATCH('Sprint 1 Backlog'!C18,'Feature Log'!$A$4:$A$60,0)),"Pruebas Alfa del sprint")} -> Cámara pixel perfect con seguimiento
A17: Tarea | B17: ='Sprint 1 Backlog'!A17 -> Configurar colisiones con Tilemap | H17: Tarea | I17: ='Sprint 1 Backlog'!A18 -> Configurar Pixel Perfect Camera y Cinemachine
A18: Miembro | B18: ='Sprint 1 Backlog'!D17 -> Fortino Romero Mantilla | H18: Miembro | I18: ='Sprint 1 Backlog'!D18 -> Fortino Romero Mantilla
A19: Esfuerzo estimado (h) | B19: ='Sprint 1 Backlog'!G17 -> 2 | C19: Terminado (h) | D19: ='Sprint 1 Backlog'!G17-F19 -> 0 | E19: Restante (h) | F19: {=INDEX('Sprint 1 Backlog'!H17:AC17,COUNT('Sprint 1 Backlog'!H17:AC17))} -> 2 | H19: Esfuerzo estimado (h) | I19: ='Sprint 1 Backlog'!G18 -> 2 | J19: Terminado (h) | K19: ='Sprint 1 Backlog'!G18-M19 -> 0 | L19: Restante (h) | M19: {=INDEX('Sprint 1 Backlog'!H18:AC18,COUNT('Sprint 1 Backlog'!H18:AC18))} -> 2
A22: FeatureID | B22: ='Sprint 1 Backlog'!C19 -> F04 | C22: Nombre | D22: {=IFERROR(INDEX('Feature Log'!$B$4:$B$60,MATCH('Sprint 1 Backlog'!C19,'Feature Log'!$A$4:$A$60,0)),"Pruebas Alfa del sprint")} -> Sistema de interacción | H22: FeatureID | I22: ='Sprint 1 Backlog'!C20 -> F05 | J22: Nombre | K22: {=IFERROR(INDEX('Feature Log'!$B$4:$B$60,MATCH('Sprint 1 Backlog'!C20,'Feature Log'!$A$4:$A$60,0)),"Pruebas Alfa del sprint")} -> Sistema de diálogos (Yarn Spinner)
A23: Tarea | B23: ='Sprint 1 Backlog'!A19 -> Programar sistema de interacción y aviso | H23: Tarea | I23: ='Sprint 1 Backlog'!A20 -> Integrar Yarn Spinner y caja de diálogo
A24: Miembro | B24: ='Sprint 1 Backlog'!D19 -> Fortino Romero Mantilla | H24: Miembro | I24: ='Sprint 1 Backlog'!D20 -> Fortino Romero Mantilla
A25: Esfuerzo estimado (h) | B25: ='Sprint 1 Backlog'!G19 -> 4 | C25: Terminado (h) | D25: ='Sprint 1 Backlog'!G19-F25 -> 0 | E25: Restante (h) | F25: {=INDEX('Sprint 1 Backlog'!H19:AC19,COUNT('Sprint 1 Backlog'!H19:AC19))} -> 4 | H25: Esfuerzo estimado (h) | I25: ='Sprint 1 Backlog'!G20 -> 5 | J25: Terminado (h) | K25: ='Sprint 1 Backlog'!G20-M25 -> 0 | L25: Restante (h) | M25: {=INDEX('Sprint 1 Backlog'!H20:AC20,COUNT('Sprint 1 Backlog'!H20:AC20))} -> 5
A28: FeatureID | B28: ='Sprint 1 Backlog'!C21 -> F05 | C28: Nombre | D28: {=IFERROR(INDEX('Feature Log'!$B$4:$B$60,MATCH('Sprint 1 Backlog'!C21,'Feature Log'!$A$4:$A$60,0)),"Pruebas Alfa del sprint")} -> Sistema de diálogos (Yarn Spinner) | H28: FeatureID | I28: ='Sprint 1 Backlog'!C22 -> F06 | J28: Nombre | K28: {=IFERROR(INDEX('Feature Log'!$B$4:$B$60,MATCH('Sprint 1 Backlog'!C22,'Feature Log'!$A$4:$A$60,0)),"Pruebas Alfa del sprint")} -> Mapa 0: La ofrenda (prólogo y tutorial)
A29: Tarea | B29: ='Sprint 1 Backlog'!A21 -> Escribir diálogos del prólogo en Yarn | H29: Tarea | I29: ='Sprint 1 Backlog'!A22 -> Construir Tilemap de la ofrenda (sala, cocina y patio)
A30: Miembro | B30: ='Sprint 1 Backlog'!D21 -> Fortino Romero Mantilla | H30: Miembro | I30: ='Sprint 1 Backlog'!D22 -> Fortino Romero Mantilla
A31: Esfuerzo estimado (h) | B31: ='Sprint 1 Backlog'!G21 -> 3 | C31: Terminado (h) | D31: ='Sprint 1 Backlog'!G21-F31 -> 0 | E31: Restante (h) | F31: {=INDEX('Sprint 1 Backlog'!H21:AC21,COUNT('Sprint 1 Backlog'!H21:AC21))} -> 3 | H31: Esfuerzo estimado (h) | I31: ='Sprint 1 Backlog'!G22 -> 5 | J31: Terminado (h) | K31: ='Sprint 1 Backlog'!G22-M31 -> 0 | L31: Restante (h) | M31: {=INDEX('Sprint 1 Backlog'!H22:AC22,COUNT('Sprint 1 Backlog'!H22:AC22))} -> 5
A34: FeatureID | B34: ='Sprint 1 Backlog'!C23 -> F06 | C34: Nombre | D34: {=IFERROR(INDEX('Feature Log'!$B$4:$B$60,MATCH('Sprint 1 Backlog'!C23,'Feature Log'!$A$4:$A$60,0)),"Pruebas Alfa del sprint")} -> Mapa 0: La ofrenda (prólogo y tutorial) | H34: FeatureID | I34: ='Sprint 1 Backlog'!C24 -> F07 | J34: Nombre | K34: {=IFERROR(INDEX('Feature Log'!$B$4:$B$60,MATCH('Sprint 1 Backlog'!C24,'Feature Log'!$A$4:$A$60,0)),"Pruebas Alfa del sprint")} -> Fragmentos de memoria
A35: Tarea | B35: ='Sprint 1 Backlog'!A23 -> Colocar objetos, NPC y disparadores del tutorial | H35: Tarea | I35: ='Sprint 1 Backlog'!A24 -> Programar recolección y contador de fragmentos
A36: Miembro | B36: ='Sprint 1 Backlog'!D23 -> Fortino Romero Mantilla | H36: Miembro | I36: ='Sprint 1 Backlog'!D24 -> Fortino Romero Mantilla
A37: Esfuerzo estimado (h) | B37: ='Sprint 1 Backlog'!G23 -> 3 | C37: Terminado (h) | D37: ='Sprint 1 Backlog'!G23-F37 -> 0 | E37: Restante (h) | F37: {=INDEX('Sprint 1 Backlog'!H23:AC23,COUNT('Sprint 1 Backlog'!H23:AC23))} -> 3 | H37: Esfuerzo estimado (h) | I37: ='Sprint 1 Backlog'!G24 -> 4 | J37: Terminado (h) | K37: ='Sprint 1 Backlog'!G24-M37 -> 0 | L37: Restante (h) | M37: {=INDEX('Sprint 1 Backlog'!H24:AC24,COUNT('Sprint 1 Backlog'!H24:AC24))} -> 4
A40: FeatureID | B40: ='Sprint 1 Backlog'!C25 -> F08 | C40: Nombre | D40: {=IFERROR(INDEX('Feature Log'!$B$4:$B$60,MATCH('Sprint 1 Backlog'!C25,'Feature Log'!$A$4:$A$60,0)),"Pruebas Alfa del sprint")} -> Niebla del Olvido y Ecos | H40: FeatureID | I40: ='Sprint 1 Backlog'!C26 -> F08 | J40: Nombre | K40: {=IFERROR(INDEX('Feature Log'!$B$4:$B$60,MATCH('Sprint 1 Backlog'!C26,'Feature Log'!$A$4:$A$60,0)),"Pruebas Alfa del sprint")} -> Niebla del Olvido y Ecos
A41: Tarea | B41: ='Sprint 1 Backlog'!A25 -> Crear efecto de niebla y zonas bloqueadas | H41: Tarea | I41: ='Sprint 1 Backlog'!A26 -> Programar disipación de niebla y Ecos
A42: Miembro | B42: ='Sprint 1 Backlog'!D25 -> Fortino Romero Mantilla | H42: Miembro | I42: ='Sprint 1 Backlog'!D26 -> Fortino Romero Mantilla
A43: Esfuerzo estimado (h) | B43: ='Sprint 1 Backlog'!G25 -> 5 | C43: Terminado (h) | D43: ='Sprint 1 Backlog'!G25-F43 -> 0 | E43: Restante (h) | F43: {=INDEX('Sprint 1 Backlog'!H25:AC25,COUNT('Sprint 1 Backlog'!H25:AC25))} -> 5 | H43: Esfuerzo estimado (h) | I43: ='Sprint 1 Backlog'!G26 -> 3 | J43: Terminado (h) | K43: ='Sprint 1 Backlog'!G26-M43 -> 0 | L43: Restante (h) | M43: {=INDEX('Sprint 1 Backlog'!H26:AC26,COUNT('Sprint 1 Backlog'!H26:AC26))} -> 3
A46: FeatureID | B46: ='Sprint 1 Backlog'!C27 -> F09 | C46: Nombre | D46: {=IFERROR(INDEX('Feature Log'!$B$4:$B$60,MATCH('Sprint 1 Backlog'!C27,'Feature Log'!$A$4:$A$60,0)),"Pruebas Alfa del sprint")} -> Pantalla de título y menú principal | H46: FeatureID | I46: ='Sprint 1 Backlog'!C28 -> F10 | J46: Nombre | K46: {=IFERROR(INDEX('Feature Log'!$B$4:$B$60,MATCH('Sprint 1 Backlog'!C28,'Feature Log'!$A$4:$A$60,0)),"Pruebas Alfa del sprint")} -> Guardado y carga automáticos
A47: Tarea | B47: ='Sprint 1 Backlog'!A27 -> Crear pantalla de título y menú principal | H47: Tarea | I47: ='Sprint 1 Backlog'!A28 -> Programar guardado y carga en JSON
A48: Miembro | B48: ='Sprint 1 Backlog'!D27 -> Fortino Romero Mantilla | H48: Miembro | I48: ='Sprint 1 Backlog'!D28 -> Fortino Romero Mantilla
A49: Esfuerzo estimado (h) | B49: ='Sprint 1 Backlog'!G27 -> 3 | C49: Terminado (h) | D49: ='Sprint 1 Backlog'!G27-F49 -> 0 | E49: Restante (h) | F49: {=INDEX('Sprint 1 Backlog'!H27:AC27,COUNT('Sprint 1 Backlog'!H27:AC27))} -> 3 | H49: Esfuerzo estimado (h) | I49: ='Sprint 1 Backlog'!G28 -> 4 | J49: Terminado (h) | K49: ='Sprint 1 Backlog'!G28-M49 -> 0 | L49: Restante (h) | M49: {=INDEX('Sprint 1 Backlog'!H28:AC28,COUNT('Sprint 1 Backlog'!H28:AC28))} -> 4
A52: FeatureID | B52: ='Sprint 1 Backlog'!C29 -> — | C52: Nombre | D52: {=IFERROR(INDEX('Feature Log'!$B$4:$B$60,MATCH('Sprint 1 Backlog'!C29,'Feature Log'!$A$4:$A$60,0)),"Pruebas Alfa del sprint")} -> Pruebas Alfa del sprint
A53: Tarea | B53: ='Sprint 1 Backlog'!A29 -> Pruebas Alfa del Sprint 1 y registro en Buglist
A54: Miembro | B54: ='Sprint 1 Backlog'!D29 -> Fortino Romero Mantilla
A55: Esfuerzo estimado (h) | B55: ='Sprint 1 Backlog'!G29 -> 3 | C55: Terminado (h) | D55: ='Sprint 1 Backlog'!G29-F55 -> 0 | E55: Restante (h) | F55: {=INDEX('Sprint 1 Backlog'!H29:AC29,COUNT('Sprint 1 Backlog'!H29:AC29))} -> 3
